Помещение цистерны сбора хозяйственно-бытовых и сточных вод №1;ПУС 400;1;1
Помещение цистерны сбора хозяйственно-бытовых и сточных вод №1;ПУС 400;1;2
Шахта аварийного схода №1;ПУС 400;1;3
Шахта трапа №3;ПУС 400;1;4
Шахта трапа №3;ПУС 400;1;5
Шахта трапа №3;ПУС 400;1;6
Тамбур лифта №1;ПУС 400;1;7
Тамбур лифта №1;ПУС 400;1;8
Шахта трапа №3;ПУС 400;1;9
Шахта трапа №3;ПУС 400;1;10
Склад АСИ №3;ПУС 400;1;11
Шахта аварийного схода №1;ПУС 400;1;12
Помещение электрооборудования №1;ПУС 400;1;13
Шахта трапа №3;ПУС 400;1;14
Шахта трапа №3;ПУС 400;1;15
Тамбур лифта №1;ПУС 400;1;16
Тамбур лифта №1;ПУС 400;1;17
Шахта трапа №3;ПУС 400;1;18
Шахта аварийного схода №1;ПУС 400;1;19
Шахта трапа №3;ПУС 400;1;20
Тамбур лифта №1;ПУС 400;1;21
Шахта трапа №3;ПУС 400;1;22
Пост управления балластными насосами №1;ПУС 400;1;23
Пост управления балластными насосами №1;ПУС 400;1;24
Трюм;ПУС 400;1;25
Трюм;ПУС 400;1;26
Трюм;ПУС 400;1;27
Вентиляторная №29;ПУС 400;2;1
Вентиляторная №29;ПУС 400;2;2
Вентиляторная №29;ПУС 400;2;3
Шахта трапа №3;ПУС 400;2;4
Тамбур лифта;ПУС 400;2;5
Помещение для хранения тележек;ПУС 400;2;6
Коридор №301;ПУС 400;2;7
Коридор №301;ПУС 400;2;8
Продовольственная кладовая №1;ПУС 400;2;9
Продовольственная кладовая №2;ПУС 400;2;10
Продовольственная кладовая №3;ПУС 400;2;11
Продовольственная кладовая №3;ПУС 400;2;12
Коридор №301;ПУС 400;2;13
Коридор №301;ПУС 400;2;14
Коридор №301;ПУС 400;2;15
Коридор №301;ПУС 400;2;16
Коридор №303;ПУС 400;2;17
Помещение для рубки и размораживания мяса;ПУС 400;2;18
Помещение АОВ камбуза;ПУС 400;2;19
Разделочная;ПУС 400;2;20
Коридор №303;ПУС 400;2;21
Коридор №303;ПУС 400;2;22
Коридор №303;ПУС 400;2;23
Камбуз;ПУС 400;2;24
Камбуз;ПУС 400;2;25
Камбуз;ПУС 400;2;26
Камбуз;ПУС 400;2;27
Камбуз;ПУС 400;2;28
Камбуз;ПУС 400;2;29
Камбуз;ПУС 400;2;30
Камбуз;ПУС 400;2;31
Камбузная кладовая;ПУС 400;2;32
Щитовая КСП;ПУС 400;3;1
Щитовая КСП;ПУС 400;3;2
Щитовая №1;ПУС 400;3;3
Щитовая №1;ПУС 400;3;4
Шахта трапа №3;ПУС 400;3;5
Тамбур лифта 12 – 15 шп.;ПУС 400;3;6
Каюта №201 (одноместная);ПУС 400;3;7
Каюта №201 (одноместная);ПУС 400;3;8
Медицинская кладовая (в составе 10315);ПУС 400;3;9
Пост медицинский;ПУС 400;3;10
Коридор №201;ПУС 400;3;11
Коридор №201;ПУС 400;3;12
Коридор №201;ПУС 400;3;13
Станция пожаротушения ТРВ №1;ПУС 400;3;14
Станция пенотушения №3;ПУС 400;3;15
Коридор №203;ПУС 400;3;16
Коридор №203;ПУС 400;3;17
Столовая команды;ПУС 400;3;18
Столовая команды;ПУС 400;3;19
Посудомоечная;ПУС 400;3;20
Раздаточная;ПУС 400;3;21
Коридор №203;ПУС 400;3;22
Каюта №202 (двухместная);ПУС 400;3;23
Каюта №202 (двухместная);ПУС 400;3;24
Пультовая КСП;ПУС 400;4;1
Пультовая КСП;ПУС 400;4;2
Раздевалка КСП;ПУС 400;4;3
Раздевалка КСП;ПУС 400;4;4
Гальюн КСП (в составе 10212);ПУС 400;4;5
Шахта трапа №3;ПУС 400;4;6
Шахта трапа №3;ПУС 400;4;7
Шахта трапа №3;ПУС 400;4;8
Тамбур лифта;ПУС 400;4;9
Каюта №101 (двухместная);ПУС 400;4;10
Каюта №101 (двухместная);ПУС 400;4;11
Коридор №101;ПУС 400;4;12
Коридор №101;ПУС 400;4;13
Каюта №102 (двухместная);ПУС 400;4;14
Каюта №102 (двухместная);ПУС 400;4;15
Каюта №103 (двухместная);ПУС 400;4;16
Каюта №103 (двухместная);ПУС 400;4;17
Каюта №104 (двухместная);ПУС 400;4;18
Каюта №104 (двухместная);ПУС 400;4;19
Коридор №101;ПУС 400;4;20
Каюта №105 (двухместная);ПУС 400;4;21
Каюта №105 (двухместная);ПУС 400;4;22
Каюта №106 (двухместная);ПУС 400;4;23
Каюта №106 (двухместная);ПУС 400;4;24
Каюта №107 (двухместная);ПУС 400;4;25
Каюта №107 (двухместная);ПУС 400;4;26
Коридор №103;ПУС 400;4;27
Коридор №103;ПУС 400;4;28
Зона отдыха и кают-компания;ПУС 400;4;29
Зона отдыха и кают-компания;ПУС 400;4;30
Коридор №103;ПУС 400;4;31
Коридор №103;ПУС 400;4;32
Коридор №103;ПУС 400;4;33
Коридор №103;ПУС 400;4;34
Коридор №103;ПУС 400;4;35
Буфетная;ПУС 400;4;36
ТП 3-4 шп.;ПУС 400;5;1
ТП 4-5 шп.;ПУС 400;5;2
ТП 14-15 шп.;ПУС 400;5;3
ТП 24-25 шп;ПУС 400;5;4
ТП 26-27 шп.;ПУС 400;5;5
ТП 27-28 шп.;ПУС 400;5;6
ТП 44-45 шп.;ПУС 400;5;7
ТП 46-47 шп.;ПУС 400;5;8
Вентиляторная №7;ПУС 400;5;9
ПВ 047-048 шп.;ПУС 400;5;10
ПВ 046-047 шп.;ПУС 400;5;11
Вентиляторная №5;ПУС 400;5;12
ПВ 034-035 шп.;ПУС 400;5;13
Вентиляторная №3;ПУС 400;5;14
ПВ 028-029 шп.;ПУС 400;5;15
ПВ 025-026 шп.;ПУС 400;5;16
ПВ 022-023 шп.;ПУС 400;5;17
Вентиляторная №1;ПУС 400;5;18
Вентиляторная №1;ПУС 400;5;19
Вентиляторная №1;ПУС 400;5;20
Вентиляторная №1;ПУС 400;6;1
Вентиляторная №1;ПУС 400;6;2
Вентиляторная № 1;ПУС 400;6;3
Вентиляторная №29;ПУС 400;6;4
Вентиляторная №3;ПУС 400;6;5
Помещение АОВ камбуза;ПУС 400;6;6
Кладовая ЗИП №6;ПУС 401;1;1
Шахта трапа №4;ПУС 401;1;2
Шахта трапа №4;ПУС 401;1;3
Тамбур лифта №2;ПУС 401;1;4
Тамбур лифта №2;ПУС 401;1;5
Тамбур лифта №2;ПУС 401;1;6
Тамбур лифта №2;ПУС 401;1;7
Тамбур лифта №2;ПУС 401;1;8
Шахта трапа №4;ПУС 401;1;9
Шахта трапа №4;ПУС 401;1;10
Шахта трапа №4;ПУС 401;1;11
Трюм;ПУС 401;1;12
Трюм;ПУС 401;1;13
Трюм;ПУС 401;1;14
Трюм;ПУС 401;1;15
Пост управления балластными насосами №2;ПУС 401;1;16
Пост управления балластными насосами №2;ПУС 401;1;17
Шахта трапа №4;ПУС 401;1;18
Шахта трапа №4;ПУС 401;1;19
Шахта трапа №4;ПУС 401;1;20
Помещение электрооборудования №10;ПУС 401;1;21
Шахта аварийного схода №2;ПУС 401;1;22
Шахта аварийного схода №2;ПУС 401;1;23
Шахта аварийного схода №2;ПУС 401;1;24
Шахта трапа №4;ПУС 401;1;25
Склад АСИ №4;ПУС 401;1;26
Помещение электрооборудования №2;ПУС 401;2;1
Помещение электрооборудования №2;ПУС 401;2;2
Помещение электрооборудования №2;ПУС 401;2;3
Помещение электрооборудования №2;ПУС 401;2;4
Шахта трапа №4;ПУС 401;2;5
Шахта трапа №4;ПУС 401;2;6
Помещение аварийного ДГ;ПУС 401;2;7
Помещение аварийного ДГ;ПУС 401;2;8
Помещение резервных ДГ;ПУС 401;2;9
Помещение резервных ДГ;ПУС 401;2;10
Коридор №302;ПУС 401;2;11
Коридор №302;ПУС 401;2;12
Коридор №302;ПУС 401;2;13
Коридор №302;ПУС 401;2;14
Помещение ГРЩ №1;ПУС 401;2;15
Помещение ГРЩ №1;ПУС 401;2;16
Помещение ГРЩ №1;ПУС 401;2;17
Помещение ГРЩ №1;ПУС 401;2;18
Помещение ГРЩ №2;ПУС 401;2;19
Помещение ГРЩ №2;ПУС 401;2;20
Помещение ГРЩ №2;ПУС 401;2;21
Помещение ГРЩ №2;ПУС 401;2;22
Шахта трапа №6;ПУС 401;2;23
Вентиляторная №30;ПУС 401;2;24
Коридор №302;ПУС 401;2;25
Коридор №302;ПУС 401;2;26
Коридор №302;ПУС 401;2;27
Коридор №302;ПУС 401;2;28
Вентиляторная №18;ПУС 401;3;1
Помещение АРЩ;ПУС 401;3;2
Помещение АРЩ;ПУС 401;3;3
Вентиляторная №20;ПУС 401;3;4
Шахта трапа №4;ПУС 401;3;5
Шахта трапа №4;ПУС 401;3;6
Тамбур лифта №2;ПУС 401;3;7
Коридор №202 (МО);ПУС 401;3;8
Коридор №202 (МО);ПУС 401;3;9
Коридор №202 (МО);ПУС 401;3;10
Коридор №202 (МО);ПУС 401;3;11
Помещение аварийного ДГ;ПУС 401;3;12
Помещение аварийного ДГ;ПУС 401;3;13
Помещение аварийного ДГ;ПУС 401;3;14
Помещение аварийного ДГ;ПУС 401;3;15
Помещение аварийного ДГ;ПУС 401;3;16
Помещение аварийного ДГ;ПУС 401;3;17
Пост управления аварийного ДГ;ПУС 401;3;18
Помещение резервных ДГ;ПУС 401;3;19
Помещение резервных ДГ;ПУС 401;3;20
Помещение резервных ДГ;ПУС 401;3;21
Помещение резервных ДГ;ПУС 401;3;22
Помещение резервных ДГ;ПУС 401;3;23
Помещение резервных ДГ;ПУС 401;3;24
Коридор №204 (МО);ПУС 401;3;25
Коридор №204 (МО);ПУС 401;3;26
Коридор №204 (МО);ПУС 401;3;27
Коридор №204 (МО);ПУС 401;3;28
Коридор №204 (МО);ПУС 401;3;29
Помещение резервных ДГ;ПУС 401;3;30
Помещение резервных ДГ;ПУС 401;3;31
Пост управления резервных ДГ;ПУС 401;3;32
Помещение резервных ДГ;ПУС 401;3;33
Помещение резервных ДГ;ПУС 401;3;34
Помещение резервных ДГ;ПУС 401;3;35
Помещение резервных ДГ;ПУС 401;3;36
Помещение ЩБП;ПУС 401;4;1
Помещение ЩБП;ПУС 401;4;2
Шахта трапа №4;ПУС 401;4;3
Шахта трапа №4;ПУС 401;4;4
Станция пенотушения №2;ПУС 401;4;5
Щитовая №2;ПУС 401;4;6
Помещение цистерн АДГ;ПУС 401;4;7
Станция пенотушения №4;ПУС 401;4;8
Вентиляторная №22 (АДГ);ПУС 401;4;9
Коридор №102 (МО);ПУС 401;4;10
Коридор №102 (МО);ПУС 401;4;11
Коридор №102 (МО);ПУС 401;4;12
Помещение цистерн резервных ДГ;ПУС 401;4;13
Помещение цистерн резервных ДГ;ПУС 401;4;14
Коридор №104 (МО);ПУС 401;4;15
Коридор №104 (МО);ПУС 401;4;16
Коридор №104 (МО);ПУС 401;4;17
Коридор №104 (МО);ПУС 401;4;18
Коридор №104 (МО);ПУС 401;4;19
Коридор №104 (МО);ПУС 401;4;20
Коридор №104 (МО);ПУС 401;4;21
Вентиляторная №24 (ДГ);ПУС 401;4;22
Вентиляторная №24 (ДГ);ПУС 401;4;23
Вентиляторная №24 (ДГ);ПУС 401;4;24
ТП 2-3 шп.;ПУС 401;5;1
ТП 3-4 шп.;ПУС 401;5;2
ТП 9-10 шп.;ПУС 401;5;3
ТП 14-15 шп.;ПУС 401;5;4
ТП 25-26 шп.;ПУС 401;5;5
ТП 29-30 шп.;ПУС 401;5;6
ТП 36-37 шп.;ПУС 401;5;7
ТП 48-49 шп.;ПУС 401;5;8
ТП 50-51 шп.;ПУС 401;5;9
Вентиляторная №4;ПУС 401;5;10
Вентиляторная №4;ПУС 401;5;11
ПВ 054-055 шп.;ПУС 401;5;12
ПВ 044-045 шп.;ПУС 401;5;13
ПВ 038-039 шп.;ПУС 401;5;14
ПВ 034-035 шп.;ПУС 401;5;15
ПВ 022-023 шп.;ПУС 401;5;16
ПВ 017-018 шп.;ПУС 401;5;17
Вентиляторная №2;ПУС 401;5;18
Вентиляторная №2;ПУС 401;5;19
Вентиляторная №2;ПУС 401;5;20
Вентиляторная №2;ПУС 401;5;21
Вентиляторная № 18;ПУС 401;6;1
Вентиляторная № 20;ПУС 401;6;2
Вентиляторная № 2;ПУС 401;6;3
Вентиляторная №2;ПУС 401;6;4
Проход по левой стороне крыши 18-19 шп.;ПУС 401;6;5
Вентиляторная № 22 (АДГ);ПУС 401;6;6
Вентиляторная № 22 (АДГ);ПУС 401;6;7
Вентиляторная № 24 (ДГ);ПУС 401;6;8
Вентиляторная №24 (ДГ);ПУС 401;6;9
Проход по левой стороне крыши 33-34 шп.;ПУС 401;6;10
Проход по левой стороне крыши 39-40 шп.;ПУС 401;6;11
Проход по левой стороне крыши 96-97 шп.;ПУС 401;6;12
Помещение АПГВ;ПУС 402;1;1
Помещение АПГВ;ПУС 402;1;2
Агрегатная №3;ПУС 402;1;3
Агрегатная №3;ПУС 402;1;4
Вентиляторная №33;ПУС 402;1;5
Вентиляторная №33;ПУС 402;1;6
Шахта трапа №5;ПУС 402;1;7
Склад АСИ №5;ПУС 402;1;8
Склад АСИ №5;ПУС 402;1;9
Шахта трапа №5;ПУС 402;1;10
Помещение расходной цистерны пресной воды;ПУС 402;1;11
Помещение расходной цистерны пресной воды;ПУС 402;1;12
Помещение цистерн сбора хозяйственно-бытовых и сточных вод;ПУС 402;1;13
Помещение цистерн сбора хозяйственно-бытовых и сточных вод;ПУС 402;1;14
Помещение установки очистки хозяйственно-бытовых и сточных вод;ПУС 402;1;15
Помещение установки очистки хозяйственно-бытовых и сточных вод;ПУС 402;1;16
Помещение установки очистки хозяйственно-бытовых и сточных вод;ПУС 402;1;17
Помещение электрооборудования №3;ПУС 402;1;18
Помещение электрооборудования №3;ПУС 402;1;19
Шахта трапа №5;ПУС 402;1;20
Помещение цистерны сбора грязной воды из сан-шлюза;ПУС 402;1;21
Помещение цистерны сбора грязной воды из саншлюза;ПУС 402;1;22
Шахта трапа №5;ПУС 402;1;23
Помещение цистерны запаса пресной воды №1;ПУС 402;1;24
Помещение цистерны запаса пресной воды №1;ПУС 402;1;25
Помещение цистерны запаса пресной воды №1;ПУС 402;1;26
Помещение цистерны запаса пресной воды №1;ПУС 402;1;27
Помещение цистерны запаса пресной воды №1;ПУС 402;1;28
Помещение цистерны запаса пресной воды №1;ПУС 402;1;29
Шахта трапа №5;ПУС 402;1;30
Помещение СБВ и опреснительной установки;ПУС 402;1;31
Помещение СБВ и опреснительной установки;ПУС 402;1;32
Шахта трапа №5;ПУС 402;1;33
Пост управления балластными насосами №3;ПУС 402;1;34
Пост управления балластными насосами №3;ПУС 402;1;35
Сход из коффердама №1;ПУС 402;1;36
Помещение системы водяного пожаротушения;ПУС 402;1;37
Помещение системы водяного пожаротушения;ПУС 402;1;38
Коффердам носовой №1а;ПУС 402;1;39
Коффердам носовой №1а;ПУС 402;1;40
Коффердам носовой №1а;ПУС 402;1;41
Коффердам носовой №1а;ПУС 402;1;42
Коффердам носовой №1б;ПУС 402;1;43
Коффердам носовой №1б;ПУС 402;1;44
Коффердам носовой №1б;ПУС 402;1;45
Коффердам носовой №1б;ПУС 402;1;46
Коффердам носовой №1б;ПУС 402;1;47
Коффердам носовой №1б;ПУС 402;1;48
Трюм;ПУС 402;1;49
Трюм;ПУС 402;1;50
Трюм;ПУС 402;1;51
Выгородка под жироулавливатель;ПУС 402;2;1
Коридор №305;ПУС 402;2;2
Коридор №305;ПУС 402;2;3
Коридор №305;ПУС 402;2;4
Коридор №305;ПУС 402;2;5
Санитарно-бытовые помещения №1;ПУС 402;2;6
Гладильная;ПУС 402;2;7
Сушительная;ПУС 402;2;8
Прачечная;ПУС 402;2;9
Хозяйственно-бытовая кладовая;ПУС 402;2;10
Аппаратная №3;ПУС 402;2;11
Каюта №203 (двухместная);ПУС 402;3;1
Каюта №203 (двухместная);ПУС 402;3;2
Каюта №204 (двухместная);ПУС 402;3;3
Каюта №204 (двухместная);ПУС 402;3;4
Коридор №205;ПУС 402;3;5
Коридор №205;ПУС 402;3;6
Коридор №205;ПУС 402;3;7
Коридор №205;ПУС 402;3;8
Коридор №205;ПУС 402;3;9
Каюта №205 (двухместная);ПУС 402;3;10
Каюта №205 (двухместная);ПУС 402;3;11
Каюта №206 (двухместная);ПУС 402;3;12
Каюта №206 (двухместная);ПУС 402;3;13
Каюта №207 (двухместная);ПУС 402;3;14
Каюта №207 (двухместная);ПУС 402;3;15
Каюта №208 (двухместная);ПУС 402;3;16
Каюта №208 (двухместная);ПУС 402;3;17
Каюта №209 (двухместная);ПУС 402;3;18
Каюта №209 (двухместная);ПУС 402;3;19
Коридор №205;ПУС 402;3;20
Коридор №205;ПУС 402;3;21
Помещение КАТС;ПУС 402;3;22
Станция пенотушения №3;ПУС 402;3;23
Каюта №108 (двухместная);ПУС 402;4;1
Каюта №108 (двухместная);ПУС 402;4;2
Каюта №109 (двухместная);ПУС 402;4;3
Каюта №109 (двухместная);ПУС 402;4;4
Каюта №110 (двухместная);ПУС 402;4;5
Каюта №110 (двухместная);ПУС 402;4;6
Коридор №105;ПУС 402;4;7
Коридор №105;ПУС 402;4;8
Коридор №105;ПУС 402;4;9
Коридор №105;ПУС 402;4;10
Коридор №105;ПУС 402;4;11
Коридор №105;ПУС 402;4;12
Каюта №111 (одноместная);ПУС 402;4;13
Каюта №111 (одноместная);ПУС 402;4;14
Каюта №112 (одноместная);ПУС 402;4;15
Каюта №112 (одноместная);ПУС 402;4;16
Каюта №113 (одноместная);ПУС 402;4;17
Каюта №113 (одноместная);ПУС 402;4;18
Каюта №114 (одноместная);ПУС 402;4;19
Каюта №114 (одноместная);ПУС 402;4;20
Каюта №115 (одноместная);ПУС 402;4;21
Каюта №115 (одноместная);ПУС 402;4;22
Помещение ТВК;ПУС 402;4;23
Щиты управления №1;ПУС 402;4;24
ТП 57-58 шп.;ПУС 402;5;1
ТП 64-65 шп.;ПУС 402;5;2
ТП 68-69 шп.;ПУС 402;5;3
ТП 79-80 шп.;ПУС 402;5;4
ТП 84-85 шп.;ПУС 402;5;5
ТП 90-91 шп.;ПУС 402;5;6
ТП 101-102 шп.;ПУС 402;5;7
Оружейная;ПУС 402;5;8
Оружейная;ПУС 402;5;9
ТП 106-107 шп.;ПУС 402;5;10
ЦПУ;ПУС 402;5;11
ЦПУ;ПУС 402;5;12
ЦПУ;ПУС 402;5;13
Коридор ЦПУ;ПУС 402;5;14
ТП 120-121 шп.;ПУС 402;5;15
Аппаратная КСУ ТС №3;ПУС 402;5;16
ТП 133-134 шп.;ПУС 402;5;17
Вентиляторная №17;ПУС 402;5;18
ПВ 125-126 шп.;ПУС 402;5;19
ПВ 124-125 шп.;ПУС 402;5;20
Вентиляторная №15;ПУС 402;5;21
ПВ 119-120 шп.;ПУС 402;5;22
ПВ 116-117 шп.;ПУС 402;5;23
Вентиляторная №13;ПУС 402;5;24
ПВ 103-104 шп.;ПУС 402;5;25
ПВ 099-100 шп.;ПУС 402;5;26
Вентиляторная №11;ПУС 402;5;27
ПВ 081-082 шп.;ПУС 402;5;28
ПВ 080-081 шп.;ПУС 402;5;29
Вентиляторная №9;ПУС 402;5;30
Вентиляторная №9;ПУС 402;5;31
Вентиляторная №9;ПУС 402;5;32
ПВ 058-059 шп.;ПУС 402;5;33
Агрегатная №3;ПУС 402;6;1
Вентиляторная № 9;ПУС 402;6;2
Вентиляторная №33;ПУС 402;6;3
Вентиляторная №33;ПУС 402;6;4
Вентиляторная №5;ПУС 402;6;5
Вентиляторная №26;ПУС 403;1;1
Настил 1 (22500);ПУС 403;1;2
Настил 1 (22500);ПУС 403;1;3
Настил 1 (22500);ПУС 403;1;4
Настил 1 (22500);ПУС 403;1;5
Настил 1 (22500);ПУС 403;1;6
Настил 1 (22500);ПУС 403;1;7
Шахта трапа №6;ПУС 403;1;8
Шахта трапа №6;ПУС 403;1;9
Настил 2а (19000);ПУС 403;1;10
Настил 2а (19000);ПУС 403;1;11
Настил 2а (19000);ПУС 403;1;12
Настил 2а (19000);ПУС 403;1;13
Настил 2а (19000);ПУС 403;1;14
Настил 3 (16000);ПУС 403;1;15
Настил 3 (16000);ПУС 403;1;16
Настил 3 (16000);ПУС 403;1;17
Настил 3 (16000);ПУС 403;1;18
Настил 3 (16000);ПУС 403;1;19
Шахта трапа №6;ПУС 403;1;20
Вентиляторная №28;ПУС 403;1;21
Вентиляторная №34;ПУС 403;1;22
Помещение расходных цистерн пресной воды;ПУС 403;1;23
Помещение расходных цистерн пресной воды;ПУС 403;1;24
Помещение расходных цистерн пресной воды;ПУС 403;1;25
Помещение инсинетора №1;ПУС 403;1;26
Помещение инсинетора №1;ПУС 403;1;27
Шахта трапа №6;ПУС 403;1;28
Помещение шламовой смесительной цистерны инсинератора;ПУС 403;1;29
Помещение шламовой смесительной цистерны инсинератора;ПУС 403;1;30
Шахта трапа №6;ПУС 403;1;31
Настил 5 (10000);ПУС 403;1;32
Настил 5 (10000);ПУС 403;1;33
Настил 5 (10000);ПУС 403;1;34
Помещение цистерны запаса дизельного топлива №1;ПУС 403;1;35
Пост управления балластными насосами №4;ПУС 403;1;36
Пост управления балластными насосами №4;ПУС 403;1;37
Шахта трапа №6;ПУС 403;1;38
Сход из коффердама №2;ПУС 403;1;39
Настил 6 (5800);ПУС 403;1;40
Настил 6 (5800);ПУС 403;1;41
Трюм;ПУС 403;1;42
Трюм;ПУС 403;1;43
Трюм;ПУС 403;1;44
Трюм;ПУС 403;1;45
Помещение электрооборудования №4;ПУС 403;2;1
Коридор №304;ПУС 403;2;2
Шахта трапа №8;ПУС 403;2;3
Коридор №304;ПУС 403;2;4
Коридор №304;ПУС 403;2;5
Коридор №304;ПУС 403;2;6
Коридор №304;ПУС 403;2;7
Выход на докуемый объект;ПУС 403;2;8
Помещение ЩПДО;ПУС 403;2;9
Коридор №306;ПУС 403;2;10
Коридор №306;ПУС 403;2;11
Коридор №306;ПУС 403;2;12
Коридор №306;ПУС 403;2;13
Хозяйственная кладовая;ПУС 403;2;14
Кладовая сварочного оборудования;ПУС 403;2;15
Коридор №306;ПУС 403;2;16
Коридор №306;ПУС 403;2;17
Трансформаторная;ПУС 403;3;1
Трансформаторная;ПУС 403;3;2
Трансформаторная;ПУС 403;3;3
Трансформаторная;ПУС 403;3;4
Трансформаторная;ПУС 403;3;5
Трансформаторная;ПУС 403;3;6
Коридор №206;ПУС 403;3;7
Коридор №206;ПУС 403;3;8
Коридор №206;ПУС 403;3;9
Коридор №206;ПУС 403;3;10
Коридор №206;ПУС 403;3;11
Коридор №206;ПУС 403;3;12
Коридор №206;ПУС 403;3;13
Коридор №206;ПУС 403;3;14
Вентиляторная №32;ПУС 403;3;15
Вентиляторная №32;ПУС 403;3;16
Шахта трапа №6;ПУС 403;3;17
Станция пожаротушения ТРВ №2;ПУС 403;3;18
Вентиляторная №36;ПУС 403;3;19
Коридор №208;ПУС 403;3;20
Коридор №208;ПУС 403;3;21
Шахта трапа №8;ПУС 403;3;22
Аппаратная КСУ ТС №4;ПУС 403;3;23
Аппаратная №2;ПУС 403;3;24
Серверная №2;ПУС 403;3;25
Коридор №210;ПУС 403;3;26
Коридор №210;ПУС 403;3;27
Коридор №210;ПУС 403;3;28
Коридор №210;ПУС 403;3;29
Вентиляторная №38;ПУС 403;3;30
Вентиляторная №38;ПУС 403;3;31
Вентиляторная №38;ПУС 403;3;32
Вентиляторная №38;ПУС 403;3;33
Вентиляторная №44;ПУС 403;3;34
Вентиляторная №44;ПУС 403;3;35
Трансформаторная №2;ПУС 403;4;1
Трансформаторная №2;ПУС 403;4;2
Аппаратная КСУ ТС №2;ПУС 403;4;3
Коридор №106;ПУС 403;4;4
Коридор №106;ПУС 403;4;5
Коридор №106;ПУС 403;4;6
Коридор №106;ПУС 403;4;7
Коридор №106;ПУС 403;4;8
Коридор №106;ПУС 403;4;9
Станция углекислотного пожаротушения №2;ПУС 403;4;10
Станция углекислотного пожаротушения №2;ПУС 403;4;11
Шахта трапа №6;ПУС 403;4;12
Станция пенотушения №6;ПУС 403;4;13
Коридор №106;ПУС 403;4;14
Коридор №106;ПУС 403;4;15
Щитовая №4;ПУС 403;4;16
ТП 59-60 шп.;ПУС 403;5;1
ТП 72-73 шп.;ПУС 403;5;2
ТП 74-75 шп.;ПУС 403;5;3
ТП 77-78 шп.;ПУС 403;5;4
ТП 88-89 шп.;ПУС 403;5;5
ТП 95-96 шп.;ПУС 403;5;6
ТП 100-101 шп.;ПУС 403;5;7
ТП 108-109 шп.;ПУС 403;5;8
ТП 111-112 шп.;ПУС 403;5;9
ТП 122-123 шп.;ПУС 403;5;10
ТП 125-126 шп.;ПУС 403;5;11
ТП 133-134 шп.;ПУС 403;5;12
ТП 143-144 шп.;ПУС 403;5;13
ТП 144-145 шп.;ПУС 403;5;14
ПВ 143-144 шп.;ПУС 403;5;15
ПВ 134-135 шп.;ПУС 403;5;16
ПВ 124-125 шп.;ПУС 403;5;17
ПВ 125-126 шп.;ПУС 403;5;18
ПВ 114-115 шп.;ПУС 403;5;19
Вентиляторная №8;ПУС 403;5;20
Вентиляторная №8;ПУС 403;5;21
ПВ 103-104 шп.;ПУС 403;5;22
ПВ 101-102 шп.;ПУС 403;5;23
ПВ 092-093 шп.;ПУС 403;5;24
Вентиляторная №6;ПУС 403;5;25
Вентиляторная №6;ПУС 403;5;26
Вентиляторная №6;ПУС 403;5;27
ПВ 073-074 шп.;ПУС 403;5;28
ПВ 071-072 шп.;ПУС 403;5;29
Проход по левой стороне крыши 96-97 шп.;ПУС 403;6;1
Вентиляторная №6;ПУС 403;6;2
Вентиляторная № 4;ПУС 403;6;3
Вентиляторная № 4;ПУС 403;6;4
Вентиляторная № 6;ПУС 403;6;5
Вентиляторная № 32;ПУС 403;6;6
Вентиляторная № 32;ПУС 403;6;7
Вентиляторная № 32;ПУС 403;6;8
Вентиляторная № 28;ПУС 403;6;9
Котельное отделение (настил 1);ПУС 406;1;1
Котельное отделение (настил 1);ПУС 406;1;2
Котельное отделение (настил 1);ПУС 406;1;3
Котельное отделение (настил 1);ПУС 406;1;4
Котельное отделение (настил 1);ПУС 406;1;5
Котельное отделение (Настил 1);ПУС 406;1;6
Шахта трапа №7;ПУС 406;1;7
Настил 1 (22500);ПУС 406;1;8
Настил 1 (22500);ПУС 406;1;9
Настил 1 (22500);ПУС 406;1;10
Настил 1 (22500);ПУС 406;1;11
Настил 2 (19500);ПУС 406;1;12
Настил 2 (19500);ПУС 406;1;13
Настил 2 (19500);ПУС 406;1;14
Шахта трапа №7;ПУС 406;1;15
Настил 2 (19500);ПУС 406;1;16
Котельное отделение (Настил 2);ПУС 406;1;17
Котельное отделение (настил 2);ПУС 406;1;18
Котельное отделение (Настил 2);ПУС 406;1;19
Котельное отделение (настил 2);ПУС 406;1;20
Котельное отделение (Настил 2);ПУС 406;1;21
Помещение цистерн котельного топлива;ПУС 406;1;22
Помещение цистерн котельного топлива;ПУС 406;1;23
Помещение цистерн котельного топлива;ПУС 406;1;24
Шахта трапа №7;ПУС 406;1;25
Помещение опреснительных установок;ПУС 406;1;26
Помещение опреснительных установок;ПУС 406;1;27
Помещение опреснительных установок;ПУС 406;1;28
Помещение инсинератора №2;ПУС 406;1;29
Помещение инсинератора №2;ПУС 406;1;30
Помещение цистерны запаса питательной воды №2;ПУС 406;1;31
Помещение цистерны запаса питательной воды №2;ПУС 406;1;32
Помещение цистерны запаса питательной воды №2;ПУС 406;1;33
Шахта трапа №7;ПУС 406;1;34
Настил 4 нос (135-149 шп.), район установки извещателей 146-149 шп.;ПУС 406;1;35
Настил 4 нос (135-149 шп.), район установки извещателей 146-149 шп.;ПУС 406;1;36
Помещение цистерны запаса дизельного топлива №2;ПУС 406;1;37
Шахта трапа №7;ПУС 406;1;38
Помещение цистерны запаса питательной воды №1;ПУС 406;1;39
Помещение цистерны запаса питательной воды №1;ПУС 406;1;40
Помещение цистерны запаса питательной воды №1;ПУС 406;1;41
Пост управления балластными насосами №5;ПУС 406;1;42
Пост управления балластными насосами №5;ПУС 406;1;43
Пост управления балластными насосами №5;ПУС 406;1;44
Шахта трапа №7;ПУС 406;1;45
Сход из коффердама №3;ПУС 406;1;46
Помещение цистерны запаса дизельного топлива №2;ПУС 406;1;47
Трюм;ПУС 406;1;48
Трюм;ПУС 406;1;49
Трюм;ПУС 406;1;50
Трюм;ПУС 406;1;51
Шахта трапа №5;ПУС 406;2;1
Шахта трапа №5;ПУС 406;2;2
Помещение системы противохимической вентиляции;ПУС 406;2;3
Щиты управления №2;ПУС 406;2;4
Коридор №307;ПУС 406;2;5
Коридор №307;ПУС 406;2;6
Коридор №307;ПУС 406;2;7
Коридор №307;ПУС 406;2;8
Щитовая №3;ПУС 406;2;9
Аппаратная КСУ ТС №1;ПУС 406;2;10
Кладовая ЗИП №1;ПУС 406;2;11
Кладовая ЗИП №3;ПУС 406;2;12
Коридор №309;ПУС 406;2;13
Коридор №309;ПУС 406;2;14
Коридор №309;ПУС 406;2;15
Коридор №309;ПУС 406;2;16
Коридор №309;ПУС 406;2;17
Склад АСИ №2;ПУС 406;2;18
Аппаратная №1;ПУС 406;2;19
Серверная №1;ПУС 406;2;20
Щитовая №5;ПУС 406;2;21
Шахта трапа №5;ПУС 406;3;1
Душевая;ПУС 406;3;2
Раздевалка;ПУС 406;3;3
Сауна;ПУС 406;3;4
Коридор №207;ПУС 406;3;5
Коридор №209;ПУС 406;3;6
Коридор №211;ПУС 406;3;7
Коридор №211;ПУС 406;3;8
Коридор №211;ПУС 406;3;9
Каюта №210 (двухместная);ПУС 406;3;10
Каюта №210 (двухместная);ПУС 406;3;11
Каюта №211 (двухместная);ПУС 406;3;12
Каюта №211 (двухместная);ПУС 406;3;13
Каюта №212 (двухместная);ПУС 406;3;14
Каюта №212 (двухместная);ПУС 406;3;15
Каюта №213 (двухместная);ПУС 406;3;16
Каюта №213 (двухместная);ПУС 406;3;17
Каюта №214 (двухместная);ПУС 406;3;18
Каюта №214 (двухместная);ПУС 406;3;19
Каюта №215 (двухместная);ПУС 406;3;20
Каюта №215 (двухместная);ПУС 406;3;21
Каюта №216 (двухместная);ПУС 406;3;22
Каюта №216 (двухместная);ПУС 406;3;23
Коридор №211;ПУС 406;3;24
Коридор №211;ПУС 406;3;25
Каюта №217 (двухместная);ПУС 406;3;26
Каюта №217 (двухместная);ПУС 406;3;27
Коридор №213;ПУС 406;3;28
Коридор №213;ПУС 406;3;29
Каюта №218 (двухместная);ПУС 406;3;30
Каюта №218 (двухместная);ПУС 406;3;31
Каюта №219 (двухместная);ПУС 406;3;32
Каюта №219 (двухместная);ПУС 406;3;33
Каюта №220 (двухместная);ПУС 406;3;34
Каюта №220 (двухместная);ПУС 406;3;35
Шахта трапа №5;ПУС 406;4;1
Тамбур-шлюз;ПУС 406;4;2
Тамбур-шлюз;ПУС 406;4;3
Саншлюз;ПУС 406;4;4
Коридор №107;ПУС 406;4;5
Гальюн №1;ПУС 406;4;6
Докмейстерская;ПУС 406;4;7
Коридор №109;ПУС 406;4;8
Коридор №109;ПУС 406;4;9
Коридор №109;ПУС 406;4;10
Коридор №109;ПУС 406;4;11
Пост связи;ПУС 406;4;12
Помещение ЗСПД;ПУС 406;4;13
Каюта №116 (одноместная люкс);ПУС 406;4;14
Каюта №116 (одноместная люкс);ПУС 406;4;15
Каюта №116 (одноместная люкс);ПУС 406;4;16
Каюта №117 (одноместная);ПУС 406;4;17
Каюта №117 (одноместная);ПУС 406;4;18
Коридор №111;ПУС 406;4;19
Коридор №111;ПУС 406;4;20
Коридор №113;ПУС 406;4;21
Коридор №113;ПУС 406;4;22
Каюта №118 (одноместная люкс);ПУС 406;4;23
Каюта №118 (одноместная люкс);ПУС 406;4;24
Каюта №118 (одноместная люкс);ПУС 406;4;25
Каюта №119 (одноместная люкс);ПУС 406;4;26
Каюта №119 (одноместная люкс);ПУС 406;4;27
Каюта №119 (одноместная люкс);ПУС 406;4;28
Вентиляторная №13;ПУС 406;6;1
Настил 2 (19500);ПУС 406;6;2
Вентиляторная №17;ПУС 406;6;3
Настил 1 (22500);ПУС 406;6;4
Вентиляторная №35;ПУС 406;6;5
Настил 2 (19500);ПУС 406;6;6
Настил 2 (19500);ПУС 406;6;7
Щитовая №10;ПУС 407;1;1
Щитовая №10;ПУС 407;1;2
Щитовая №10;ПУС 407;1;3
Вентиляторная №40;ПУС 407;1;4
Вентиляторная №40;ПУС 407;1;5
Вентиляторная №40;ПУС 407;1;6
Коридор №2;ПУС 407;1;7
Коридор №2;ПУС 407;1;8
Коридор №2;ПУС 407;1;9
Коридор №1;ПУС 407;1;10
Коридор №1;ПУС 407;1;11
Коридор №1;ПУС 407;1;12
Вентиляторная №42;ПУС 407;1;13
Вентиляторная №42;ПУС 407;1;14
Вентиляторная №42;ПУС 407;1;15
Щитовая №12;ПУС 407;1;16
Щитовая №12;ПУС 407;1;17
Щитовая №12;ПУС 407;1;18
Настил 3 (16000);ПУС 407;1;19
Настил 3 (16000);ПУС 407;1;20
Настил 3 (16000);ПУС 407;1;21
Настил 3 (16000);ПУС 407;1;22
Настил 3 (16000);ПУС 407;1;23
Настил 3 (16000);ПУС 407;1;24
Настил 4 (13000);ПУС 407;1;25
Настил 4 (13000);ПУС 407;1;26
Настил 4 (13000);ПУС 407;1;27
Настил 4 (13000);ПУС 407;1;28
Настил 4 (13000);ПУС 407;1;29
Выгородка общесудовых систем;ПУС 407;1;30
Выгородка общесудовых систем;ПУС 407;1;31
Настил 6 (5800);ПУС 407;1;32
Настил 6 (5800);ПУС 407;1;33
Настил 6 (5800);ПУС 407;1;34
Настил 6 (5800);ПУС 407;1;35
Настил 6 (5800);ПУС 407;1;36
Настил 6 (5800);ПУС 407;1;37
Сход из коффердама №4;ПУС 407;1;38
Коффердам кормовой №2б;ПУС 407;1;39
Коффердам кормовой №2б;ПУС 407;1;40
Коффердам кормовой №2а;ПУС 407;1;41
Коффердам кормовой №2а;ПУС 407;1;42
Коффердам кормовой №2а;ПУС 407;1;43
Коффердам кормовой №2а;ПУС 407;1;44
Коффердам кормовой №2а;ПУС 407;1;45
Коффердам кормовой №2а;ПУС 407;1;46
Коффердам кормовой №2б;ПУС 407;1;47
Коффердам кормовой №2б;ПУС 407;1;48
Трюм;ПУС 407;1;49
Трюм;ПУС 407;1;50
Трюм;ПУС 407;1;51
Трюм;ПУС 407;1;52
Шахта трапа №10;ПУС 407;1;53
Шахта трапа №10;ПУС 407;1;54
Шахта трапа №10;ПУС 407;1;55
Шахта трапа №10;ПУС 407;1;56
Шахта трапа №10;ПУС 407;1;57
Шахта трапа №10;ПУС 407;1;58
Помещение цистерны грязной воды №3;ПУС 407;2;1
Щитовая №6;ПУС 407;2;2
Помещение электрооборудования №6;ПУС 407;2;3
Коридор №308;ПУС 407;2;4
Коридор №308;ПУС 407;2;5
Коридор №308;ПУС 407;2;6
Коридор №308;ПУС 407;2;7
Коридор №308;ПУС 407;2;8
Шахта трапа №10;ПУС 407;2;9
Аппаратная КСУ ТС №6;ПУС 407;2;10
Помещение цистерны сбора вод из ЗСР;ПУС 407;2;11
Коридор №308;ПУС 407;2;12
Коридор №308;ПУС 407;2;13
Коридор №310;ПУС 407;2;14
Коридор №308;ПУС 407;2;15
Коридор №308;ПУС 407;2;16
Боцманская кладовая;ПУС 407;2;17
Кладовая ЛКМ;ПУС 407;2;18
Помещение приготовления ЛКМ;ПУС 407;2;19
Шахта трапа №10;ПУС 407;3;1
Коридор №212;ПУС 407;3;2
Коридор №212;ПУС 407;3;3
Коридор №212;ПУС 407;3;4
Вентиляторная №56;ПУС 407;3;5
Вентиляторная №56;ПУС 407;3;6
Вентиляторная №56;ПУС 407;3;7
Вентиляторная №46;ПУС 407;3;8
Вентиляторная №46;ПУС 407;3;9
Вентиляторная №46;ПУС 407;3;10
Кладовая противопожарного оборудования;ПУС 407;4;1
Коридор №108;ПУС 407;4;2
Коридор №108;ПУС 407;4;3
Шахта трапа №8;ПУС 407;4;4
Узел вентиляции для поста АСП;ПУС 407;4;5
Пост аварийно-спасательной партии;ПУС 407;4;6
Коридор №108;ПУС 407;4;7
Коридор №108;ПУС 407;4;8
Коридор №110;ПУС 407;4;9
Коридор №110;ПУС 407;4;10
Коридор №110;ПУС 407;4;11
Раздевалка (женская);ПУС 407;4;12
Гальюн (женский);ПУС 407;4;13
Гальюн №2;ПУС 407;4;14
Раздевалка (экипажа);ПУС 407;4;15
Гальюн (экипажа);ПУС 407;4;16
Гальюн (мужской);ПУС 407;4;17
Коридор №112;ПУС 407;4;18
Коридор №112;ПУС 407;4;19
Коридор №112;ПУС 407;4;20
Раздевалка (мужская);ПУС 407;4;21
Вентиляторная №10;ПУС 407;5;1
Вентиляторная №10;ПУС 407;5;2
Вентиляторная №10;ПУС 407;5;3
Вентиляторная №10;ПУС 407;5;4
ПВ 163-164 шп.;ПУС 407;5;5
ТП 167-168 шп.;ПУС 407;5;6
ТП 154-155 шп.;ПУС 407;5;7
ТП 154-155 шп.;ПУС 407;5;8
Вентиляторная № 38;ПУС 407;6;1
Вентиляторная № 40;ПУС 407;6;2
Вентиляторная № 10;ПУС 407;6;3
Вентиляторная № 38;ПУС 407;6;4
Вентиляторная № 56;ПУС 407;6;5
Вентиляторная № 36;ПУС 407;6;6
Вентиляторная № 44;ПУС 407;6;7
Вентиляторная №10;ПУС 407;6;8
Шахта аварийного схода №3;ПУС 408;1;1
Настил 1 (22500);ПУС 408;1;2
Настил 1 (22500);ПУС 408;1;3
Шахта трапа №11;ПУС 408;1;4
Настил 1 (22500);ПУС 408;1;5
Шахта трапа №11;ПУС 408;1;6
Настил 2 (19500);ПУС 408;1;7
Настил 2 (19500);ПУС 408;1;8
Настил 2 (19500);ПУС 408;1;9
Шахта аварийного схода №3;ПУС 408;1;10
Настил 3 (16000);ПУС 408;1;11
Настил 3 (16000);ПУС 408;1;12
Шахта трапа №11;ПУС 408;1;13
Настил 3 (16000);ПУС 408;1;14
Настил 4 (13000);ПУС 408;1;15
Шахта трапа №11;ПУС 408;1;16
Настил 4 (13000);ПУС 408;1;17
Настил 4 (13000);ПУС 408;1;18
Шахта трапа №11;ПУС 408;1;19
Шахта трапа №11;ПУС 408;1;20
Настил 5 (10000);ПУС 408;1;21
Шахта аварийного схода №3;ПУС 408;1;22
Настил 6 (5800);ПУС 408;1;23
Настил 6 (5800);ПУС 408;1;24
Настил 6 (5800);ПУС 408;1;25
Шахта трапа №11;ПУС 408;1;26
Трюм;ПУС 408;1;27
Трюм;ПУС 408;1;28
Коридор №311;ПУС 408;2;1
Коридор №311;ПУС 408;2;2
Коридор №311;ПУС 408;2;3
Коридор №311;ПУС 408;2;4
Коридор №311;ПУС 408;2;5
Коридор №311;ПУС 408;2;6
Коридор №311;ПУС 408;2;7
Шахта трапа №7;ПУС 408;2;8
Аппаратная КСУ ТС №5;ПУС 408;2;9
Коридор №313;ПУС 408;2;10
Коридор №313;ПУС 408;2;11
Коридор №313;ПУС 408;2;12
Коридор №313;ПУС 408;2;13
Агрегатная №1;ПУС 408;2;14
Агрегатная №1;ПУС 408;2;15
Агрегатная №1;ПУС 408;2;16
Шахта трапа №9;ПУС 408;2;17
Коридор №315;ПУС 408;2;18
Коридор №315;ПУС 408;2;19
Коридор №315;ПУС 408;2;20
Вентиляторная №31;ПУС 408;2;21
Кладовая ЗИП №5;ПУС 408;2;22
Аппаратная КСУ ТС №7;ПУС 408;2;23
Аппаратная КСУ ТС №7;ПУС 408;2;24
Коридор №315;ПУС 408;2;25
Щитовая №7;ПУС 408;2;26
Коридор №317;ПУС 408;2;27
Коридор №317;ПУС 408;2;28
Коридор №317;ПУС 408;2;29
Коридор №317;ПУС 408;2;30
Шахта трапа №11;ПУС 408;2;31
Станция пожаротушения ТРВ №3;ПУС 408;3;1
Вентиляторная №35;ПУС 408;3;2
Шахта трапа №7;ПУС 408;3;3
Коридор №215;ПУС 408;3;4
Коридор №215;ПУС 408;3;5
Коридор №215;ПУС 408;3;6
Коридор №215;ПУС 408;3;7
Коридор №215;ПУС 408;3;8
Коридор №215;ПУС 408;3;9
Коридор №215;ПУС 408;3;10
Коридор №217;ПУС 408;3;11
Коридор №217;ПУС 408;3;12
Коридор №217;ПУС 408;3;13
Коридор №217;ПУС 408;3;14
Вентиляторная №25;ПУС 408;3;15
Выгородка АСИ №1;ПУС 408;3;16
Канцелярия;ПУС 408;3;17
Архив;ПУС 408;3;18
Коридор №219;ПУС 408;3;19
Коридор №219;ПУС 408;3;20
Шахта трапа №9;ПУС 408;3;21
Пост обслуживания компрессоров;ПУС 408;3;22
Коридор №221;ПУС 408;3;23
Коридор №221;ПУС 408;3;24
Коридор №221;ПУС 408;3;25
Помещение ВВД;ПУС 408;3;26
Помещение ВВД;ПУС 408;3;27
Помещение ВВД;ПУС 408;3;28
Помещение ВВД;ПУС 408;3;29
Помещение ВВД;ПУС 408;3;30
Коридор №223;ПУС 408;3;31
Коридор №223;ПУС 408;3;32
Шахта трапа №11;ПУС 408;3;33
Вентиляторная №27;ПУС 408;3;34
Вентиляторная №27;ПУС 408;3;35
Вентиляторная №27;ПУС 408;3;36
Коридор №115;ПУС 408;4;1
Коридор №115;ПУС 408;4;2
Коридор №115;ПУС 408;4;3
Коридор №115;ПУС 408;4;4
Коридор №115;ПУС 408;4;5
Коридор №115;ПУС 408;4;6
Коридор №115;ПУС 408;4;7
Станция пенотушения №5;ПУС 408;4;8
Шахта трапа №7;ПУС 408;4;9
Станция углекислого пожаротушения №1;ПУС 408;4;10
Станция углекислого пожаротушения №1;ПУС 408;4;11
Станция углекислого пожаротушения №1;ПУС 408;4;12
Коридор №117;ПУС 408;4;13
Коридор №117;ПУС 408;4;14
Помещение аварийной партии;ПУС 408;4;15
Учебный класс;ПУС 408;4;16
Учебный класс;ПУС 408;4;17
Учебный класс;ПУС 408;4;18
Коридор №119;ПУС 408;4;19
Коридор №119;ПУС 408;4;20
Шахта трапа №9;ПУС 408;4;21
Конференц-зал;ПУС 408;4;22
Конференц-зал;ПУС 408;4;23
Конференц-зал;ПУС 408;4;24
Конференц-зал;ПУС 408;4;25
Коридор №121;ПУС 408;4;26
Коридор №121;ПУС 408;4;27
Коридор №121;ПУС 408;4;28
Коридор №121;ПУС 408;4;29
Тамбур трапа №15 (выход на топ-палубу);ПУС 408;4;30
Шахта трапа №11;ПУС 408;4;31
Коридор №123;ПУС 408;4;32
Коридор №123;ПУС 408;4;33
Коридор №123;ПУС 408;4;34
Станция пенотушения №7;ПУС 408;4;35
ПВ 139-140 шп.;ПУС 408;5;1
ПВ 142-143 шп.;ПУС 408;5;2
Вентиляторная №19;ПУС 408;5;3
Вентиляторная №19;ПУС 408;5;4
Вентиляторная №19;ПУС 408;5;5
Вентиляторная №19;ПУС 408;5;6
ПВ 168-169 шп.;ПУС 408;5;7
ПВ 168-169 шп.;ПУС 408;5;8
Вентиляторная №21;ПУС 408;5;9
Вентиляторная №21;ПУС 408;5;10
ПВ 186-187 шп.;ПУС 408;5;11
ПВ 195-196 шп.;ПУС 408;5;12
ПВ 196-197 шп.;ПУС 408;5;13
ПВ 206-207 шп.;ПУС 408;5;14
ПВ 208-209 шп.;ПУС 408;5;15
Вентиляторная №23;ПУС 408;5;16
Вентиляторная №23;ПУС 408;5;17
Вентиляторная №23;ПУС 408;5;18
Вентиляторная №23;ПУС 408;5;19
Вентиляторная №23;ПУС 408;5;20
ПВ 228-229 шп.;ПУС 408;5;21
ТП 229-230 шп.;ПУС 408;5;22
ТП 227-228 шп.;ПУС 408;5;23
ТП 218-219 шп.;ПУС 408;5;24
ТП 214-215 шп.;ПУС 408;5;25
ТП 209-210 шп.;ПУС 408;5;26
ТП 197-198 шп.;ПУС 408;5;27
ТП 186-187 шп.;ПУС 408;5;28
ТП 187-188 шп.;ПУС 408;5;29
ТП 176-177 шп.;ПУС 408;5;30
ТП 166-167 шп.;ПУС 408;5;31
ТП 166-167 шп.;ПУС 408;5;32
ТП 154-155 шп.;ПУС 408;5;33
ТП 145-146 шп.;ПУС 408;5;34
ТП 144-145 шп.;ПУС 408;5;35
Вентиляторная №19;ПУС 408;6;1
Настил 2 (19500);ПУС 408;6;2
Вентиляторная № 21;ПУС 408;6;3
Агрегатная № 1;ПУС 408;6;4
Вентиляторная № 31;ПУС 408;6;5
Агрегатная № 1;ПУС 408;6;6
Вентиляторная №23;ПУС 408;6;7
Вентиляторная № 23;ПУС 408;6;8
Вентиляторная №27;ПУС 408;6;9
Вентиляторная №27;ПУС 408;6;10
Шахта трапа №12;ПУС 409;1;1
Шахта трапа №12;ПУС 409;1;2
Склад АСИ №6;ПУС 409;1;3
Шахта аварийного схода №4;ПУС 409;1;4
Помещение электрооборудования №12;ПУС 409;1;5
Шахта трапа №12;ПУС 409;1;6
Шахта трапа №12;ПУС 409;1;7
Шахта аварийного схода №4;ПУС 409;1;8
Кладовая ЗИП №8;ПУС 409;1;9
Шахта трапа №12;ПУС 409;1;10
Шахта трапа №12;ПУС 409;1;11
Шахта трапа №12;ПУС 409;1;12
Шахта аварийного схода №4;ПУС 409;1;13
Пост управления балластными насосами №8;ПУС 409;1;14
Пост управления балластными насосами №8;ПУС 409;1;15
Шахта трапа №12;ПУС 409;1;16
Трюм;ПУС 409;1;17
Трюм;ПУС 409;1;18
Трюм;ПУС 409;1;19
Кладовая ЗИП №4;ПУС 409;2;1
Электромеханический участок;ПУС 409;2;2
Механический участок;ПУС 409;2;3
Коридор №312;ПУС 409;2;4
Коридор №312;ПУС 409;2;5
Коридор №314;ПУС 409;2;6
Коридор №314;ПУС 409;2;7
Коридор №314;ПУС 409;2;8
Коридор №314;ПУС 409;2;9
Сварочный участок;ПУС 409;2;10
Сварочный участок;ПУС 409;2;11
Щитовая №8;ПУС 409;2;12
Коридор №314;ПУС 409;2;13
Коридор №314;ПУС 409;2;14
Коридор №314;ПУС 409;2;15
Шахта трапа №12;ПУС 409;2;16
Шахта трапа №12;ПУС 409;2;17
Станция пожаротушения ТРВ №4;ПУС 409;3;1
Вентиляторная №48;ПУС 409;3;2
Вентиляторная №52;ПУС 409;3;3
Вентиляторная №52;ПУС 409;3;4
Коридор №214;ПУС 409;3;5
Коридор №214;ПУС 409;3;6
Коридор №214;ПУС 409;3;7
Коридор №214;ПУС 409;3;8
Коридор №214;ПУС 409;3;9
Вентиляторная №52;ПУС 409;3;10
Шахта трапа №12;ПУС 409;3;11
Шахта трапа №10;ПУС 409;4;1
Коридор №114;ПУС 409;4;2
Коридор №114;ПУС 409;4;3
Коридор №114;ПУС 409;4;4
Коридор ЗСР №1 (выход);ПУС 409;4;5
Помещение радиационного контроля;ПУС 409;4;6
Коридор ЗСР №2 (вход);ПУС 409;4;7
Кладовая чистого хозяйственного инвентаря и СИЗ;ПУС 409;4;8
Помещение грязной одежды и СИЗ;ПУС 409;4;9
Коридор ЗСР №1 (выход);ПУС 409;4;10
Коридор ЗСР №2 (вход);ПУС 409;4;11
Коридор ЗСР №3 (вход);ПУС 409;4;12
Гальюн №4;ПУС 409;4;13
Коридор ЗСР №4 (выход);ПУС 409;4;14
Коридор ЗСР №4 (выход);ПУС 409;4;15
Гардеробная спецодежды;ПУС 409;4;16
Гардеробная спецодежды;ПУС 409;4;17
Гардеробная повседневной одежды;ПУС 409;4;18
Коридор в ЗСР №5;ПУС 409;4;19
Кладовая чистой одежды;ПУС 409;4;20
Кладовая чистого хозяйственного инвентаря;ПУС 409;4;21
Коридор в ЗСР №5;ПУС 409;4;22
Пост медицинский №2;ПУС 409;4;23
Коридор №116;ПУС 409;4;24
Коридор №116;ПУС 409;4;25
Коридор №116;ПУС 409;4;26
Вентиляторная №50;ПУС 409;4;27
Помещение электрооборудования №8;ПУС 409;4;28
Станция пенотушения №8;ПУС 409;4;29
Вентиляторная №54;ПУС 409;4;30
Кладовая ЗИП №2;ПУС 409;4;31
Кладовая ЗИП №2;ПУС 409;4;32
Коридор №116;ПУС 409;4;33
Коридор №116;ПУС 409;4;34
Шахта трапа №12;ПУС 409;4;35
ТП 229-230 шп.;ПУС 409;5;1
ТП 227-228 шп.;ПУС 409;5;2
ТП 218-219 шп.;ПУС 409;5;3
ТП 217-218 шп.;ПУС 409;5;4
ТП 212-213 шп.;ПУС 409;5;5
ТП 199-200 шп.;ПУС 409;5;6
ТП 199-200 шп.;ПУС 409;5;7
ТП 188-189 шп.;ПУС 409;5;8
ТП 178-179 шп.;ПУС 409;5;9
ТП 175-176 шп.;ПУС 409;5;10
ПВ 177-178 шп.;ПУС 409;5;11
ПВ 181-182 шп.;ПУС 409;5;12
ПВ 195-196 шп.;ПУС 409;5;13
ПВ 199-200 шп.;ПУС 409;5;14
Вентиляторная №14;ПУС 409;5;15
ПВ 210-211 шп.;ПУС 409;5;16
ПВ 214-215 шп.;ПУС 409;5;17
Вентиляторная №16;ПУС 409;5;18
Вентиляторная №16;ПУС 409;5;19
Вентиляторная №16;ПУС 409;5;20
Проход по левой стороне крыши 176-177 шп.;ПУС 409;6;1
Вентиляторная № 46;ПУС 409;6;2
Вентиляторная № 48;ПУС 409;6;3
Проход по левой стороне крыши 197-198 шп.;ПУС 409;6;4
Вентиляторная № 52;ПУС 409;6;5
Проход по левой стороне крыши 199-200 шп.;ПУС 409;6;6
Вентиляторная № 56;ПУС 409;6;7
Вентиляторная № 54;ПУС 409;6;8
Вентиляторная № 52;ПУС 409;6;9
Вентиляторная №16;ПУС 409;6;10
Вентиляторная № 14;ПУС 409;6;11
;;;
;;;
;;;
;;;
;;;
;;;
;;;
